"key","title","creators","date","tags","citation","citationAuthor","bib"
"RMWMUWWD","Protecting Democracy and Public Health from Online Disinformation","Kornbluh, Karen;","2020-11-19T13:15:40-05:00","disinformaiton,policy paper,resource","Kornbluh, “Protecting Democracy and Public Health from Online Disinformation.”","(Kornbluh 2020)","Kornbluh, Karen. “Protecting Democracy and Public Health from Online Disinformation.” The German Marshall Fund of the United States, November 19, 2020. https://www.gmfus.org/publications/protecting-democracy-and-public-health-online-disinformation."
"GURFI3MI","Can Killing Cookies Save Journalism?","Edelman, Gilad;","August 5, 2020","ban targeted ads,disinformation,support news,targeted ads","Edelman, “Can Killing Cookies Save Journalism?”","(Edelman 2020)","Edelman, Gilad. “Can Killing Cookies Save Journalism?” _Wired_, August 5, 2020. https://www.wired.com/story/can-killing-cookies-save-journalism/."
"TLXGY7LV","The Internet Will Not Break: Denying Bad Samaritans Section 230 Immunity","Citron, Danielle Keats;Wittes, Benjamin;","2017/07/24","company actions,disinformation,policy,reform section 230,section 230","Citron and Wittes, “The Internet Will Not Break.”","(Citron and Wittes 2017)","Citron, Danielle Keats, and Benjamin Wittes. “The Internet Will Not Break: Denying Bad Samaritans Section 230 Immunity,” U of Maryland Legal Studies Research Paper, no. 2017–22 (July 24, 2017). https://papers.ssrn.com/abstract=3007720."
"EJHNNII7","The Problem Isn't Just Backpage: Revising Section 230 Immunity","Citron, Danielle Keats;Wittes, Benjamin;","July 2018","disinformation,policy,reform section 230,section 230","Citron and Wittes, “The Problem Isn’t Just Backpage.”","(Citron and Wittes 2018)","Citron, Danielle Keats, and Benjamin Wittes. “The Problem Isn’t Just Backpage: Revising Section 230 Immunity.” _Georgetown Law Technology Review_ 453 (July 2018). https://papers.ssrn.com/abstract=3218521."
"G7JZKP2F","The Internet As a Speech Machine and Other Myths Confounding Section 230 Reform","Citron, Danielle Keats;Franks, Mary Anne;","2020/02/01","disinformation,policy,section 230","Citron and Franks, “The Internet As a Speech Machine and Other Myths Confounding Section 230 Reform.”","(Citron and Franks 2020)","Citron, Danielle Keats, and Mary Anne Franks. “The Internet As a Speech Machine and Other Myths Confounding Section 230 Reform,” Boston Univ. School of Law, Public Law Research Paper, no. 20–8 (February 1, 2020). https://papers.ssrn.com/abstract=3532691."
"K3QRV6H7","Advancing Digital Trust with Privacy Rules and Accountability","Palfrey, Quentin;","2020-11-19T12:56:02-05:00","policy paper,privacy,resource","Palfrey, “Advancing Digital Trust with Privacy Rules and Accountability.”","(Palfrey 2020)","Palfrey, Quentin. “Advancing Digital Trust with Privacy Rules and Accountability.” The German Marshall Fund of the United States, November 19, 2020. https://www.gmfus.org/publications/advancing-digital-trust-privacy-rules-and-accountability."
"TKMPDCDU","Building Civic Infrastructure for the 21st Century","Goodman, Ellen P.;","2020-11-19T12:48:13-05:00","disinformation,policy paper,resource,support news","Goodman, “Building Civic Infrastructure for the 21st Century.”","(Goodman 2020)","Goodman, Ellen P. “Building Civic Infrastructure for the 21st Century.” The German Marshall Fund of the United States, November 19, 2020. https://www.gmfus.org/publications/building-civic-infrastructure-21st-century."
"C68U3RTT","A banner year for advertising and a look at differences across platforms","Neumann, Markus;Yao, Jielu;Dean, Spencer;Fowler, Erika Franklin;","November 2020","disinformaiton,political ads,resource","Neumann et al., “A Banner Year for Advertising and a Look at Differences across Platforms.”","(Neumann et al. 2020)","Neumann, Markus, Jielu Yao, Spencer Dean, and Erika Franklin Fowler. “A Banner Year for Advertising and a Look at Differences across Platforms.” _Election Analysis - United States_ (blog), November 2020. https://www.electionanalysis.ws/us/president2020/section-5-social-media/a-banner-year-for-advertising-and-a-look-at-differences-across-platforms/."
"HNZUU4KS","Big Other: Surveillance Capitalism and the Prospects of an Information Civilization","Zuboff, Shoshana;","2015","attention maximization,causes,disinformation,surveillance capitalism,targeted ads","Zuboff, “Big Other.”","(Zuboff 2015)","Zuboff, Shoshana. “Big Other: Surveillance Capitalism and the Prospects of an Information Civilization.” _Journal of Information Technology_ 30 (2015): 75–89. https://papers.ssrn.com/abstract=2594754."
"7C2XQ5QR","Deplatforming: Following extreme Internet celebrities to Telegram and alternative social media","Rogers, Richard;","May 6, 2020","","Rogers, “Deplatforming.”","(Rogers 2020)","Rogers, Richard. “Deplatforming: Following Extreme Internet Celebrities to Telegram and Alternative Social Media.” _European Journal of Communication_, May 6, 2020. https://doi.org/10.1177/0267323120922066."
"QYGX3LTT","Democracy Disrupted? Personal information and political influence.",,"July 1, 2018","","“Democracy Disrupted? Personal Information and Political Influence.”","(“Democracy Disrupted? Personal Information and Political Influence.” 2018)","“Democracy Disrupted? Personal Information and Political Influence.,” July 1, 2018. https://ico.org.uk/media/action-weve-taken/2259369/democracy-disrupted-110718.pdf."
"VJBKJ6N4","Why Google Dominates Advertising Markets","Srinivasan, Dina;","2019/12/09","Google,antitrust,competition","Srinivasan, “Why Google Dominates Advertising Markets.”","(Srinivasan 2019)","Srinivasan, Dina. “Why Google Dominates Advertising Markets.” SSRN Scholarly Paper. Rochester, NY: Social Science Research Network, December 9, 2019. https://papers.ssrn.com/abstract=3500919."
"7HW43F4T","Facebook is now using AI to sort content for quicker moderation","Vincent, James;","2020-11-13T09:00:00-05:00","content moderation,disinformation,facebook,news","Vincent, “Facebook Is Now Using AI to Sort Content for Quicker Moderation.”","(Vincent 2020)","Vincent, James. “Facebook Is Now Using AI to Sort Content for Quicker Moderation.” The Verge, November 13, 2020. https://www.theverge.com/2020/11/13/21562596/facebook-ai-moderation."
"W5WTXBRF","What Twitter Did After Trump Said Democrats Are Trying to “STEAL” the Election","Mak, Aaron;Bosch, Torie;","2020-11-03T23:19:17.509Z","disinformation,facebook,news,twitter","Mak and Bosch, “What Twitter Did After Trump Said Democrats Are Trying to ‘STEAL’ the Election.”","(Mak and Bosch 2020)","Mak, Aaron, and Torie Bosch. “What Twitter Did After Trump Said Democrats Are Trying to ‘STEAL’ the Election.” Slate, November 3, 2020. https://slate.com/technology/2020/11/election-day-2020-facebook-twitter-content-moderation-trump.html."
"UKSKXC9K","How Well Did Twitter, Facebook, and YouTube Handle Election Misinformation?","Kornbluh, Karen;Goodman, Ellen;","2020-11-11T00:12:15.414Z","content moderation,disinformation,election 2020,resource","Kornbluh and Goodman, “How Well Did Twitter, Facebook, and YouTube Handle Election Misinformation?”","(Kornbluh and Goodman 2020)","Kornbluh, Karen, and Ellen Goodman. “How Well Did Twitter, Facebook, and YouTube Handle Election Misinformation?” Slate, November 11, 2020. https://slate.com/technology/2020/11/twitter-facebook-youtube-misinformation-election.html."
"CVKZN6PV","Social media is making a bad political situation worse","Molla, Rani;","2020-11-10T13:10:00-05:00","content moderation,disinformation,election 2020,resource","Molla, “Social Media Is Making a Bad Political Situation Worse.”","(Molla 2020)","Molla, Rani. “Social Media Is Making a Bad Political Situation Worse.” Vox, November 10, 2020. https://www.vox.com/recode/21534345/polarization-election-social-media-filter-bubble."
"VGXV3BN2","YouTube is awash with election misinformation — and it isn’t taking it down","Heilweil, Rebecca;","2020-11-06T17:10:00-05:00","disinformation,news,youtube","Heilweil, “YouTube Is Awash with Election Misinformation — and It Isn’t Taking It down.”","(Heilweil 2020)","Heilweil, Rebecca. “YouTube Is Awash with Election Misinformation — and It Isn’t Taking It down.” Vox, November 6, 2020. https://www.vox.com/recode/21551696/stolen-election-misinformation-youtube-trump-voter-fraud."
"S34RCSH8","Mail-In Voter Fraud: Anatomy of a Disinformation Campaign","Benkler, Yochai;Tilton, Casey;Etling, Bruce;Roberts, Hal;Clark, Justin;Faris, Robert;Kaiser, Jonas;Schmitt, Carolyn;","2020/10/02","disinformation,filter bubbles,resource,selective exposure","Benkler et al., “Mail-In Voter Fraud.”","(Benkler et al. 2020)","Benkler, Yochai, Casey Tilton, Bruce Etling, Hal Roberts, Justin Clark, Robert Faris, Jonas Kaiser, and Carolyn Schmitt. “Mail-In Voter Fraud: Anatomy of a Disinformation Campaign.” Berkman Center Research Publication No. 2020-6, October 2, 2020. https://papers.ssrn.com/abstract=3703701."
"JATHQWWA","Trump allies, largely unconstrained by Facebook’s rules against repeated falsehoods, cement pre-election dominance","Stanley-Becker, Isaac;Dwoskin, Elizabeth;","November 1, 2020","content moderation,disinformation,fact checking,fact-checking","Stanley-Becker and Dwoskin, “Trump Allies, Largely Unconstrained by Facebook’s Rules against Repeated Falsehoods, Cement Pre-Election Dominance.”","(Stanley-Becker and Dwoskin 2020)","Stanley-Becker, Isaac, and Elizabeth Dwoskin. “Trump Allies, Largely Unconstrained by Facebook’s Rules against Repeated Falsehoods, Cement Pre-Election Dominance.” _Washington Post_, November 1, 2020. https://www.washingtonpost.com/technology/2020/11/01/facebook-election-misinformation/."
"7INBMUZK","Investigation of Competition in Digital Markets",,"October 2020","antitrust,disinformation,support news","“Investigation of Competition in Digital Markets.”","(“Investigation of Competition in Digital Markets” 2020)","“Investigation of Competition in Digital Markets.” Subcommittee on Antitrust, Commercial and Adminstrative Law of the Committee on the Judiciary, October 2020. https://judiciary.house.gov/uploadedfiles/competition\_in\_digital\_markets.pdf."
"X3FFN48H","Local Journalism: America’s Most Trusted News Sources Threatened",,"October 2020","antitrust,disinformation,resource,support news","“Local Journalism: America’s Most Trusted News Sources Threatened.”","(“Local Journalism: America’s Most Trusted News Sources Threatened” 2020)","“Local Journalism: America’s Most Trusted News Sources Threatened.” Ranking Member Maria Cantwell: U.S. Senate Committee on Commerce, Science, and Transportation, October 2020. https://cdn.arstechnica.net/wp-content/uploads/2020/10/Local-Journalism-Report-10.26.20\_430pm\_Draft.pdf."
"WBX34XW3","Facebook’s Content Moderation Errors Are Costing Africa Too Much","Ilori, Tomiwa;","2020-10-27T15:38:39.729Z","content moderation,content removal,disinformation","Ilori, “Facebook’s Content Moderation Errors Are Costing Africa Too Much.”","(Ilori 2020)","Ilori, Tomiwa. “Facebook’s Content Moderation Errors Are Costing Africa Too Much.” Slate Magazine, October 27, 2020. https://slate.com/technology/2020/10/facebook-instagram-endsars-protests-nigeria.html."
"I6NPG9U9","Letter to Facebook",,"August 6, 2018","ad transparency,disinformation","“Letter to Facebook.”","(“Letter to Facebook” 2018)","“Letter to Facebook.” The Knight First Amendment Institute, August 6, 2018. https://s3.amazonaws.com/kfai-documents/documents/d6ebc73dd9/Facebook\_Letter.pdf."
"XJAN5EEE","Researchers, Knight Institute Condemn Facebook Effort to Squelch Research on Disinformation",,"October 23, 2020","ad transparency,disinformation,political ads","“Researchers, Knight Institute Condemn Facebook Effort to Squelch Research on Disinformation.”","(“Researchers, Knight Institute Condemn Facebook Effort to Squelch Research on Disinformation” 2020)","Knight First Amendment Institute at Columbia University. “Researchers, Knight Institute Condemn Facebook Effort to Squelch Research on Disinformation,” October 23, 2020. https://knightcolumbia.org/content/researchers-knight-institute-condemn-facebook-effort-to-squelch-research-on-disinformation."
"QZDQHXHM","Facebook is trying to prevent NYU from examining its political ad-targeting. Researchers say they have no intention of stopping their work.","Grindell, Samantha;","October 24, 2020","ad transparency,disinformation,political ads","Grindell, “Facebook Is Trying to Prevent NYU from Examining Its Political Ad-Targeting. Researchers Say They Have No Intention of Stopping Their Work.”","(Grindell 2020)","Grindell, Samantha. “Facebook Is Trying to Prevent NYU from Examining Its Political Ad-Targeting. Researchers Say They Have No Intention of Stopping Their Work.” Business Insider, October 24, 2020. https://www.businessinsider.com/facebook-stopping-nyu-researchers-examining-political-ad-targeting-2020-10."
"P5CMPJAX","Canaries in the Coal Mine: COVID-19 Misinformation and Black Communities","Collins-Dexter, Brandi;","2020-06-24","COVID-19,disinformation,evidence","Collins-Dexter, “Canaries in the Coal Mine.”","(Collins-Dexter 2020)","Collins-Dexter, Brandi. “Canaries in the Coal Mine: COVID-19 Misinformation and Black Communities.” The Technology and Social Change Project: Shorenstein Center on Media, Politics and Public Policy, June 24, 2020. https://shorensteincenter.org/canaries-in-the-coal-mine/."
"PCX77N6M","As election looms, a network of mysterious ‘pink slime’ local news outlets nearly triples in size","Bengani, Priyanjana;","August 4, 2020","disinformation,support news","Bengani, “As Election Looms, a Network of Mysterious ‘Pink Slime’ Local News Outlets Nearly Triples in Size.”","(Bengani 2020)","Bengani, Priyanjana. “As Election Looms, a Network of Mysterious ‘Pink Slime’ Local News Outlets Nearly Triples in Size.” Columbia Journalism Review, August 4, 2020. https://www.cjr.org/analysis/as-election-looms-a-network-of-mysterious-pink-slime-local-news-outlets-nearly-triples-in-size.php."
"Z2JFD6ZN","Facebook Approved Ads With Coronavirus Misinformation","Waddell, Kaveh;","April 7, 2020","ad restrictions,ads,disinformation,resource","Waddell, “Facebook Approved Ads With Coronavirus Misinformation.”","(Waddell 2020)","Waddell, Kaveh. “Facebook Approved Ads With Coronavirus Misinformation.” Consumer Reports, April 7, 2020. https://www.consumerreports.org/social-media/facebook-approved-ads-with-coronavirus-misinformation/."
"R6GJ3WXT","Facebook Enabled Advertisers to Reach ‘Jew Haters’","Angwin, Julia;Varner, Madeleine;Tobin, Ariana;","September 14, 2017","ads,disinformation","Angwin, Varner, and Tobin, “Facebook Enabled Advertisers to Reach ‘Jew Haters.’”","(Angwin, Varner, and Tobin 2017)","Angwin, Julia, Madeleine Varner, and Ariana Tobin. “Facebook Enabled Advertisers to Reach ‘Jew Haters.’” ProPublica, September 14, 2017. https://www.propublica.org/article/facebook-enabled-advertisers-to-reach-jew-haters?token=1B8jKuq-H9G4ZEq4\_95FZ7ZaZ9a3rKDs."
"S9DXMCGI","Revealed: Facebook enables ads to target users interested in 'vaccine controversies'","Wong, Julia Carrie;","2019-02-15T18:59:43.000Z","ads,disinformation","Wong, “Revealed.”","(Wong 2019)","Wong, Julia Carrie. “Revealed: Facebook Enables Ads to Target Users Interested in ‘Vaccine Controversies.’” _The Guardian_, February 15, 2019, sec. Technology. https://www.theguardian.com/technology/2019/feb/15/facebook-anti-vaccination-advertising-targeting-controversy."
"RNUPRSKS","Removing Holocaust Denial Content",,"2020-10-12T14:00:38-07:00","","“Removing Holocaust Denial Content.”","(“Removing Holocaust Denial Content” 2020)","Facebook. “Removing Holocaust Denial Content,” October 12, 2020. https://about.fb.com/news/2020/10/removing-holocaust-denial-content/."
"48WB9K8J","Supporting Public Health Experts’ Vaccine Efforts",,"2020-10-13T16:00:24-07:00","Facebook,ad restrictions,content moderation,disinformation","“Supporting Public Health Experts’ Vaccine Efforts.”","(“Supporting Public Health Experts’ Vaccine Efforts” 2020)","Facebook. “Supporting Public Health Experts’ Vaccine Efforts,” October 13, 2020. https://about.fb.com/news/2020/10/supporting-public-health-experts-vaccine-efforts/."
"DGA5BBGQ","COVID-19 Medical Misinformation Policy - YouTube Help",,"May 20, 2020","Google,content moderation,content removal,disinformation","“COVID-19 Medical Misinformation Policy - YouTube Help.”","(“COVID-19 Medical Misinformation Policy - YouTube Help” 2020)","“COVID-19 Medical Misinformation Policy - YouTube Help,” May 20, 2020. https://support.google.com/youtube/answer/9891785."
"66AL2HCS","New Digital Realities; New Oversight Solutions in the U.S.","Wheeler, Tom;Verveer, Phil;Kimmelman, Gene;","August 20, 2020","antitrust,competition regulations,consumer protection,disinformation,duty of care,duty to deal,policy,privacy","Wheeler, Verveer, and Kimmelman, “New Digital Realities; New Oversight Solutions in the U.S.”","(Wheeler, Verveer, and Kimmelman 2020)","Wheeler, Tom, Phil Verveer, and Gene Kimmelman. “New Digital Realities; New Oversight Solutions in the U.S.” Harvard Kennedy School: Shorenstein Center on Media, Politics, and Public Policy, August 20, 2020. https://shorensteincenter.org/new-digital-realities-tom-wheeler-phil-verveer-gene-kimmelman/."
"T6JK47HH","Revealed: Trump campaign strategy to deter millions of Black Americans from voting in 2016",,"September 28, 2020","2016 election,disinformation,evidence,resource","“Revealed: Trump Campaign Strategy to Deter Millions of Black Americans from Voting in 2016.”","(“Revealed: Trump Campaign Strategy to Deter Millions of Black Americans from Voting in 2016” 2020)","“Revealed: Trump Campaign Strategy to Deter Millions of Black Americans from Voting in 2016.” United Kingdom, September 28, 2020. https://www.channel4.com/news/revealed-trump-campaign-strategy-to-deter-millions-of-black-americans-from-voting-in-2016."
"AF64NM9V","Dead Reckoning: Navigating Content Moderation After Fake News","Caplan, Robyn;Donovan, Joan;Hanson, Lauren;","February 2018","ban targeted ads,causes,content algorithms,content moderation,definition,demonetization,disinformation,fact-checking,fake news,resource","Caplan, Donovan, and Hanson, “Dead Reckoning: Navigating Content Moderation After Fake News.”","(Caplan, Donovan, and Hanson 2018)","Caplan, Robyn, Joan Donovan, and Lauren Hanson. “Dead Reckoning: Navigating Content Moderation After Fake News.” Data & Society, February 2018. https://datasociety.net/library/dead-reckoning/."
"PUR9PAEH","Information Disorder: The Definitional Toolbox","Wardle, Claire;","July 2018","definition,disinformation,featured,resource","Wardle, “Information Disorder.”","(Wardle 2018)","Wardle, Claire. “Information Disorder: The Definitional Toolbox.” First Draft News, July 2018. https://firstdraftnews.org:443/latest/infodisorder-definitional-toolbox/."
"PS8PGFP5","Information Disorder, Part 1: The Essential Glossary","Wardle, Claire;Greason, Grace;Kerwin, Joe;Dia, Nic;","Jul 2018","definition,disinformation","Wardle et al., “Information Disorder, Part 1: The Essential Glossary.”","(Wardle et al. 2018)","Wardle, Claire, Grace Greason, Joe Kerwin, and Nic Dia. “Information Disorder, Part 1: The Essential Glossary.” First Draft News, July 2018. https://firstdraftnews.org/wp-content/uploads/2018/07/infoDisorder\_glossary.pdf?x65316."
"RA4XNMNK","Demand Deceit: How the Way We Think Drives Disinformation","Wooley, Samuel;Joseff, Katie;","January 2020","Computational propaganda,active drivers,bots,causes,cognitive drivers,definition,demand,disinformation,echo chambers,featured,filter bubbles,passive drivers,psychological factors,resource,selective exposure","Wooley and Joseff, “How the Way We Think Drives Disinformation.”","(Wooley and Joseff 2020)","Wooley, Samuel, and Katie Joseff. “Demand Deceit: How the Way We Think Drives Disinformation.” Working Paper. National Endowment for Democracy & Institutional Forum for Democratic Studies, January 2020. https://www.ned.org/demand-for-deceit-how-way-we-think-drives-disinformation-samuel-woolley-katie-joseff/."
"C9569B35","TREASURY  LAWS AMENDENT  (NEWS MEDIA AND  DIGITAL PLATFORMS MANDATORY  BARGAININGCODE) BILL 2020",,"","disinformation","“TREASURY  LAWS AMENDENT  (NEWS MEDIA AND  DIGITAL PLATFORMS MANDATORY  BARGAININGCODE) BILL 2020.”","(“TREASURY  LAWS AMENDENT  (NEWS MEDIA AND  DIGITAL PLATFORMS MANDATORY  BARGAININGCODE) BILL 2020,” n.d.)","“TREASURY  LAWS AMENDENT  (NEWS MEDIA AND  DIGITAL PLATFORMS MANDATORY  BARGAININGCODE) BILL 2020.” Government of Australia, n.d."
"UGW6E23K","Facebook: Turn Off The Algorithms",,"","disinformation,solutions","“Facebook.”","(“Facebook: Turn Off The Algorithms” n.d.)","Accountable Tech. “Facebook: Turn Off The Algorithms.” Accessed September 10, 2020. https://accountabletech.org/campaign/facebook-turn-off-the-algorithms/."
"V4QZ85UU","Clearing up misconceptions about Google's ad tech business","Bitton, Daniel S.;Lewis, Stephen;","May 5, 2020","","Bitton and Lewis, “Clearing up Misconceptions about Google’s Ad Tech Business.”","(Bitton and Lewis 2020)","Bitton, Daniel S., and Stephen Lewis. “Clearing up Misconceptions about Google’s Ad Tech Business,” May 5, 2020. https://www.accc.gov.au/system/files/Google%20-%20Report%20from%20Daniel%20Bitton%20and%20Stephen%20Lewis%20%285%20May%202020%29.pdf."
"PIX3UX7M","Advertiser Controls",,"","Facebook,brand safety,targeted ads","“Advertiser Controls.”","(“Advertiser Controls” n.d.)","Facebook for Business. “Advertiser Controls.” Accessed August 28, 2020. https://www.facebook.com/business/tools/advertiser-controls."
"4EEWCUXV","Audience Network",,"","Facebook,targeted ads","“Audience Network.”","(“Audience Network” n.d.)","Facebook for Business. “Audience Network.” Accessed August 28, 2020. https://www.facebook.com/business/marketing/audience-network."
"B72Q4BWW","The Conspiracy Theory to Rule Them All","Zipperstein, Steven J.;","","disinformation","Zipperstein, “The Conspiracy Theory to Rule Them All.”","(Zipperstein n.d.)","Zipperstein, Steven J. “The Conspiracy Theory to Rule Them All.” _The Atlantic_. Accessed August 25, 2020. https://www.theatlantic.com/politics/archive/2020/08/conspiracy-theory-rule-them-all/615550/."
"F8DPXRJS","Apple's new iPhone operating system is making it harder for Facebook to track people, and Facebook says it will decimate part of its business","Price, Rob;","Aug. 26, 2020","Facebook,targeted ads","Price, “Apple’s New IPhone Operating System Is Making It Harder for Facebook to Track People, and Facebook Says It Will Decimate Part of Its Business.”","(Price 2020)","Price, Rob. “Apple’s New IPhone Operating System Is Making It Harder for Facebook to Track People, and Facebook Says It Will Decimate Part of Its Business.” _Business Insider_, August 26, 2020. https://www.businessinsider.com/facebook-apple-ios-14-damage-audience-network-ad-business-2020-8."
"N2WJBES4","AP Exclusive: Google tracks your movements, like it or not","Nakashima, Ryan;","2018-08-13T22:15:16Z","causes,opt out,privacy","Nakashima, “AP Exclusive.”","(Nakashima 2018)","Nakashima, Ryan. “AP Exclusive: Google Tracks Your Movements, like It or Not.” AP NEWS, August 13, 2018. https://apnews.com/828aefab64d4411bac257a07c1af0ecb."
"JUEH2HTX","Unredacted suit shows Google’s own engineers confused by privacy settings","Cox, Kate;","8/25/2020","causes,opt out,privacy","Cox, “Unredacted Suit Shows Google’s Own Engineers Confused by Privacy Settings.”","(Cox 2020)","Cox, Kate. “Unredacted Suit Shows Google’s Own Engineers Confused by Privacy Settings.” Ars Technica, August 25, 2020. https://arstechnica.com/tech-policy/2020/08/unredacted-suit-shows-googles-own-engineers-confused-by-privacy-settings/."
"P65BZ6BC","Online Tracking and Publishers Revenues: An Empirical Analysis","Marotta, Veronica;Abhishek, Vibhansu;Acquisti, Alessandro;","May 2019","ban targeted ads,disinformation,targeted ads","Marotta, Abhishek, and Acquisti, “Online Tracking and Publishers Revenues.”","(Marotta, Abhishek, and Acquisti 2019)","Marotta, Veronica, Vibhansu Abhishek, and Alessandro Acquisti. “Online Tracking and Publishers Revenues: An Empirical Analysis,” 2019. https://www.semanticscholar.org/paper/Online-Tracking-and-Publishers-Revenues%3A-An-Marotta/bee63f4551c7b6a5a1f07357734a81eab2fec919."
"GYL3JLCA","Like a virus: The coordinated spread of coronavirus disinformation","Graham, Timothy;Bruns, Axel;Zhu, Guangnan;Campbell, Rod;","May 2020","COVID-19,Twitter,disinformation,evidence","Graham et al., “Like a Virus: The Coordinated Spread of Coronavirus Disinformation.”","(Graham et al. 2020)","Graham, Timothy, Axel Bruns, Guangnan Zhu, and Rod Campbell. “Like a Virus: The Coordinated Spread of Coronavirus Disinformation.” Centre for Responsible Technology, The Australia Institute, May 2020. https://apo.org.au/node/305864."
"R232TXR4","Sarah Palin's Facebook grift","Legum, Judd;","July 28, 2020","disinformation,methods","Legum, “Sarah Palin’s Facebook Grift.”","(Legum 2020)","Legum, Judd. “Sarah Palin’s Facebook Grift.” Blog. Popular Information, July 28, 2020. https://popular.info/p/sarah-palins-facebook-grift."
"7BNBJBZB","The secret rules of the internet","Buni, Catherine;","2016-04-13T10:30:06-04:00","company actions,content moderation,disinformation,scale","Buni, “The Secret Rules of the Internet.”","(Buni 2016)","Buni, Catherine. “The Secret Rules of the Internet.” The Verge, April 13, 2016. https://www.theverge.com/2016/4/13/11387934/internet-moderator-history-youtube-facebook-reddit-censorship-free-speech."
"FHG4CNNI","Twitter's Chronological Timeline Will Save Us From Ourselves",,"","Facebook,company actions,disinformation","“Twitter’s Chronological Timeline Will Save Us From Ourselves.”","(_Wired_ n.d.)","“Twitter’s Chronological Timeline Will Save Us From Ourselves.” _Wired_. Accessed July 22, 2020. https://www.wired.com/story/twitter-chronological-timeline-will-save-us/."
"AIC7EN7U","Bringing People Closer Together",,"2018-01-12T00:31:44-08:00","Facebook,company actions,disinformation","“Bringing People Closer Together.”","(“Bringing People Closer Together” 2018)","About Facebook. “Bringing People Closer Together,” January 12, 2018. https://about.fb.com/news/2018/01/news-feed-fyi-bringing-people-closer-together/."
"7FJIM5WP","Making Ads and Pages More Transparent",,"2018-04-06T18:00:45-07:00","Facebook,company actions,disinformation","“Making Ads and Pages More Transparent.”","(“Making Ads and Pages More Transparent” 2018)","About Facebook. “Making Ads and Pages More Transparent,” April 6, 2018. https://about.fb.com/news/2018/04/transparent-ads-and-pages/."
"IAIRZ44H","Facebook Rules: Structures of Governance in Digital Capitalism and the Control of Generalized Social Capital","Schwarz, Ori;","July 1, 2019","attention maximization,causes,company actions,disinformation,targeted ads","Schwarz, “Facebook Rules.”","(Schwarz 2019)","Schwarz, Ori. “Facebook Rules: Structures of Governance in Digital Capitalism and the Control of Generalized Social Capital.” _Theory, Culture & Society_ 36, no. 4 (July 1, 2019): 117–41. https://doi.org/10.1177/0263276419826249."
"CWKPHP9B","The Daily You: How the New Advertising Industry Is Defining Your Identity and Your Worth","Turow, Joseph;","2012-01-10","causes,disinformation,targeted ads","Turow, _The Daily You_.","(Turow 2012)","Turow, Joseph. _The Daily You: How the New Advertising Industry Is Defining Your Identity and Your Worth_. Yale University Press, 2012."
"HJNWBKWN","Metrics at Work: Journalism and the Contested Meaning of Algorithms","Christin, Angèle;","2020-06-30","causes,decline of news,disinformation,targeted ads","Christin, _Metrics at Work_.","(Christin 2020)","Christin, Angèle. _Metrics at Work: Journalism and the Contested Meaning of Algorithms_. Princeton University Press, 2020."
"M6DC62GV","The Online Advertising Industry: Economics, Evolution, and Privacy","Evans, David S;","2009-08-01","causes,disinformation,targeted ads","Evans, “The Online Advertising Industry.”","(Evans 2009)","Evans, David S. “The Online Advertising Industry: Economics, Evolution, and Privacy.” _Journal of Economic Perspectives_ 23, no. 3 (August 1, 2009): 37–60. https://doi.org/10.1257/jep.23.3.37."
"SWVPJND8","UK publishers losing digital ad revenue due to content 'blacklists'","Sweney, Mark;","2020-01-20T06:00:18.000Z","decline of news,disinformation,targeted ads","Sweney, “UK Publishers Losing Digital Ad Revenue Due to Content ‘Blacklists.’”","(Sweney 2020)","Sweney, Mark. “UK Publishers Losing Digital Ad Revenue Due to Content ‘Blacklists.’” _The Guardian_, January 20, 2020, sec. Media. https://www.theguardian.com/media/2020/jan/20/uk-publishers-losing-digital-ad-revenue-due-to-content-blacklists."
"W8QBJ5IV","The Privacy Policymaking of State Attorneys General","Citron, Danielle Keats;","2016/02/16","disinformation,policy,privacy","Citron, “The Privacy Policymaking of State Attorneys General.”","(Citron 2016)","Citron, Danielle Keats. “The Privacy Policymaking of State Attorneys General.” SSRN Scholarly Paper. Rochester, NY: Social Science Research Network, February 16, 2016. https://papers.ssrn.com/abstract=2733297."
"4BT3CSGA","Testimony before the U.S. Senate Judiciary Committee","O'Kelley, Brian;","May 21, 2019","disinformation,policy,privacy","O’Kelley, “Testimony before the U.S. Senate Judiciary Committee.”","(O’Kelley 2019)","O’Kelley, Brian. “Testimony before the U.S. Senate Judiciary Committee,” May 21, 2019. https://www.judiciary.senate.gov/imo/media/doc/O’Kelley%20Testimony.pdf."
"H7UNCQGC","Innovation Matters | The MIT Press","Press, The MIT;","","","Press, “Innovation Matters | The MIT Press.”","(Press n.d.)","Press, The MIT. “Innovation Matters | The MIT Press.” Accessed July 13, 2020. https://mitpress.mit.edu/books/innovation-matters."
"Q7AP5G8X","Transparency in artificial intelligence","Larsson, Stefan;Heintz, Fredrik;","2020/5/5","","Larsson and Heintz, “Transparency in Artificial Intelligence.”","(Larsson and Heintz 2020)","Larsson, Stefan, and Fredrik Heintz. “Transparency in Artificial Intelligence.” _Internet Policy Review_ 9, no. 2 (May 5, 2020). https://policyreview.info/concepts/transparency-artificial-intelligence."
"AAB3KCWV","Facebook confessions: Corporate abdication and Silicon Valley dystopianism","Karppi, Tero;Nieborg, David B;","June 29, 2020","","Karppi and Nieborg, “Facebook Confessions.”","(Karppi and Nieborg 2020)","Karppi, Tero, and David B Nieborg. “Facebook Confessions: Corporate Abdication and Silicon Valley Dystopianism.” _New Media & Society_, June 29, 2020, 1461444820933549. https://doi.org/10.1177/1461444820933549."
"8KUVW9E3","Cyber Mobs, Disinformation, and Death Videos: The Internet As It Is (And As It Should Be)","Citron, Danielle Keats;","2019/08/09","attention maximization,causes,disinformation,reform section 230,section 230,targeted ads","Citron, “Cyber Mobs, Disinformation, and Death Videos.”","(Citron 2019)","Citron, Danielle Keats. “Cyber Mobs, Disinformation, and Death Videos: The Internet As It Is (And As It Should Be).” SSRN Scholarly Paper. Rochester, NY: Social Science Research Network, August 9, 2019. https://papers.ssrn.com/abstract=3435200."
"8M4VFMU6","Dissenting Statement of Commissioner Rohit Chopra Regarding the Matter of Facebook, Inc.","Chopra, Rohit;","2019-07-23T16:35:20-04:00","attention maximization,ban targeted ads,causes,disinformation,policy,targeted ads","Chopra, “Dissenting Statement of Commissioner Rohit Chopra Regarding the Matter of Facebook, Inc.”","(Chopra 2019)","Chopra, Rohit. “Dissenting Statement of Commissioner Rohit Chopra Regarding the Matter of Facebook, Inc.,” July 23, 2019. https://www.ftc.gov/public-statements/2019/07/dissenting-statement-commissioner-rohit-chopra-regarding-matter-facebook."
"BM8BCPIQ","Dark Patterns after the GDPR: Scraping Consent Pop-ups and Demonstrating their Influence","Nouwens, Midas;Liccardi, Ilaria;Veale, Michael;Karger, David;Kagal, Lalana;","2020-01-08","Computer Science - Computers and Society,Computer Science - Human-Computer Interaction,GDPR,Transparency,digital privacy,policy","Nouwens et al., “Dark Patterns after the GDPR.”","(Nouwens et al. 2020)","Nouwens, Midas, Ilaria Liccardi, Michael Veale, David Karger, and Lalana Kagal. “Dark Patterns after the GDPR: Scraping Consent Pop-Ups and Demonstrating Their Influence.” _ArXiv:2001.02479 \[Cs\]_, January 8, 2020. https://doi.org/10.1145/3313831.3376321."
"DHB868AC","History of Fake News","Burkhardt, Joanna M.;","2017-11","causes,disinformation,history","Burkhardt, “History of Fake News.”","(Burkhardt 2017)","Burkhardt, Joanna M. “History of Fake News.” _Library Technology Reports_, Combatting Fake News in the Digital Age, 53, no. 8 (November 2017): 5. http://search.proquest.com/docview/1967322040/abstract/1B65E39B518443C6PQ/1."
"WMUW3TJK","Meet Larry Cook, the Villain Behind the Facebook Anti-Vaxx Scandal","Francis, Lizzy;","2020-02-11T16:45:13+00:00","causes,disinformation","Francis, “Meet Larry Cook, the Villain Behind the Facebook Anti-Vaxx Scandal.”","(Francis 2020)","Francis, Lizzy. “Meet Larry Cook, the Villain Behind the Facebook Anti-Vaxx Scandal.” Fatherly, February 11, 2020. https://www.fatherly.com/news/meet-larry-cook-the-villain-behind-the-facebook-anti-vaxx-scandal/."
"43XU3J3D","Down the rabbit hole: how QAnon conspiracies thrive on Facebook","Wong, Julia Carrie;","2020-06-25T10:00:42.000Z","Facebook,account removals,causes,content algorithms,disinformation","Wong, “Down the Rabbit Hole.”","(Wong 2020)","Wong, Julia Carrie. “Down the Rabbit Hole: How QAnon Conspiracies Thrive on Facebook.” _The Guardian_, June 25, 2020, sec. Technology. https://www.theguardian.com/technology/2020/jun/25/qanon-facebook-conspiracy-theories-algorithm."
"2W4GREGA","The Implied Truth Effect: Attaching Warnings to a Subset of Fake News Headlines Increases Perceived Accuracy of Headlines Without Warnings","Pennycook, Gordon;Bear, Adam;Collins, Evan T.;Rand, David G.;","February 21, 2020","company actions,disinformation,fact checking","Pennycook et al., “The Implied Truth Effect.”","(Pennycook et al. 2020)","Pennycook, Gordon, Adam Bear, Evan T. Collins, and David G. Rand. “The Implied Truth Effect: Attaching Warnings to a Subset of Fake News Headlines Increases Perceived Accuracy of Headlines Without Warnings.” _Management Science_, February 21, 2020. https://doi.org/10.1287/mnsc.2019.3478."
"4CK79XT7","Tackling misinformation in an open society","Staines, Cassie;Moy, Will;","Oct. 2018","ad transparency,policy,political ads","Staines and Moy, “Tackling Misinformation in an Open Society.”","(Staines and Moy 2018)","Staines, Cassie, and Will Moy. “Tackling Misinformation in an Open Society.” Full Fact, October 2018. https://fullfact.org/blog/2018/oct/tackling-misinformation-open-society/."
"CM5ZZCTR","Comment of Commissioner Rohit Chopra on Hearing #1 on Competition and Consumer Protection in the 21st Century","Chopra, Rohit;","2018-09-06T13:55:41-04:00","antitrust,competition regulations,policy","Chopra, “Comment of Commissioner Rohit Chopra on Hearing #1 on Competition and Consumer Protection in the 21st Century.”","(Chopra 2018)","Chopra, Rohit. “Comment of Commissioner Rohit Chopra on Hearing #1 on Competition and Consumer Protection in the 21st Century,” September 6, 2018. https://www.ftc.gov/public-statements/2018/09/comment-commissioner-rohit-chopra-hearing-1-competition-consumer."
"T85CETAN","Exposure to opposing views on social media can increase political polarization","Bail, Christopher A.;Argyle, Lisa P.;Brown, Taylor W.;Bumpus, John P.;Chen, Haohan;Hunzaker, M. B. Fallin;Lee, Jaemin;Mann, Marcus;Merhout, Friedolin;Volfovsky, Alexander;","2018/09/11","company actions,disinformation","Bail et al., “Exposure to Opposing Views on Social Media Can Increase Political Polarization.”","(Bail et al. 2018)","Bail, Christopher A., Lisa P. Argyle, Taylor W. Brown, John P. Bumpus, Haohan Chen, M. B. Fallin Hunzaker, Jaemin Lee, Marcus Mann, Friedolin Merhout, and Alexander Volfovsky. “Exposure to Opposing Views on Social Media Can Increase Political Polarization.” _Proceedings of the National Academy of Sciences_ 115, no. 37 (September 11, 2018): 9216–21. https://doi.org/10.1073/pnas.1804840115."
"A6XAVIA2","Section 230 — Nurturing Innovation or Fostering Unaccountability?",,"","reform section 230,section 230","“Section 230 — Nurturing Innovation or Fostering Unaccountability?”","(“Section 230 — Nurturing Innovation or Fostering Unaccountability?,” n.d.)","“Section 230 — Nurturing Innovation or Fostering Unaccountability?” U.S. DEPARTMENT OF JUSTICE, n.d. https://cdn.arstechnica.net/wp-content/uploads/2020/06/6-16-20section230keytakeawaysrecommendations.pdf."
"8D9IBRMA","How the Facebook Algorithm Works in 2020 and How to Work With It",,"2020-01-27T18:30:00+00:00","attention maximization,content algorithms,disinformation","“How the Facebook Algorithm Works in 2020 and How to Work With It.”","(“How the Facebook Algorithm Works in 2020 and How to Work With It” 2020)","Hootsuite Social Media Management. “How the Facebook Algorithm Works in 2020 and How to Work With It,” January 27, 2020. https://blog.hootsuite.com/facebook-algorithm/."
"NUVRRNIG","The Future of Political Campaigning","Bartlett, Jamie;Smith, Josh;Acton, Rose;","July 2018","disinformation,political ads,political exploitation","Bartlett, Smith, and Acton, “The Future of Political Campaigning.”","(Bartlett, Smith, and Acton 2018)","Bartlett, Jamie, Josh Smith, and Rose Acton. “The Future of Political Campaigning.” DEMOS, July 2018. https://demosuk.wpengine.com/wp-content/uploads/2018/07/The-Future-of-Political-Campaigning.pdf."
"95KTZXZD","Weaponizing the Digital Influence Machine","Nadler, Anthony;Donovan, Joan;Crain, Matthew;","2018/10/17","ad transparency,causes,decline of news,digital influence machine,disinformation,policy,political ads,political exploitation,surveillance capitalism,targeted ads,trust in news","Nadler, Donovan, and Crain, “Weaponizing the Digital Influence Machine.”","(Nadler, Donovan, and Crain 2018)","Nadler, Anthony, Joan Donovan, and Matthew Crain. “Weaponizing the Digital Influence Machine.” Data & Society, October 17, 2018. https://datasociety.net/library/weaponizing-the-digital-influence-machine/."
"6BD378CN","The Decline of Media Diversity — and How We Can Save It","Docquir, Pierre Francois;Stansi, Maria;","January 21, 2020","disinformation,must carry,policy,support news,unbundling","Docquir and Stansi, “The Decline of Media Diversity — and How We Can Save It.”","(Docquir and Stansi 2020)","Docquir, Pierre Francois, and Maria Stansi. “The Decline of Media Diversity — and How We Can Save It.” Centre for International Governance Innovation, January 21, 2020. https://www.cigionline.org/articles/decline-media-diversity-and-how-we-can-save-it."
"TZ7Q7GW5","Covid conspiracies and confusions: the impact on compliance with the UK’s lockdown rules and the link with social media use","Duffy, Bobby;Allington, Daniel;","June 18, 2020","COVID-19,disinformation,evidence","Duffy and Allington, “Covid Conspiracies and Confusions: The Impact on Compliance with the UK’s Lockdown Rules and the Link with Social Media Use.”","(Duffy and Allington 2020)","Duffy, Bobby, and Daniel Allington. “Covid Conspiracies and Confusions: The Impact on Compliance with the UK’s Lockdown Rules and the Link with Social Media Use.” The Policy Institute: Kings College London, June 18, 2020. https://www.kcl.ac.uk/policy-institute/assets/covid-conspiracies-and-confusions.pdf."
"575GSAMD","Code: And Other Laws of Cyberspace","Lessig, Lawrence;","1999","Business & Economics / Industries / Media & Communications,Introduction,Language Arts & Disciplines / Communication Studies,Self-rule fallacy","Lessig, _Code_.","(Lessig 1999)","Lessig, Lawrence. _Code: And Other Laws of Cyberspace_. Basic Books, 1999."
"HPEPITTK","How Internet Platforms Are Combating Disinformation and Misinformation in the Age of COVID-19","Singh, Spandana;Bagchi, Koustubh;","June 1, 2020","Amazon,COVID-19,Facebook,Google,Reddit,TikTok,Twitter,WhatsApp,YouTube,company actions,disinformation","Singh and Bagchi, “How Internet Platforms Are Combating Disinformation and Misinformation in the Age of COVID-19.”","(Singh and Bagchi 2020)","Singh, Spandana, and Koustubh Bagchi. “How Internet Platforms Are Combating Disinformation and Misinformation in the Age of COVID-19.” New America, June 1, 2020. http://newamerica.org/oti/reports/how-internet-platforms-are-combating-disinformation-and-misinformation-age-covid-19/."
"DYM9L9KC","Inside Nextdoor’s ""Karen problem""","Kelly, Makena;","2020-06-08T13:44:36-04:00","NextDoor,bias,content moderation,racism","Kelly, “Inside Nextdoor’s ‘Karen Problem.’”","(Kelly 2020)","Kelly, Makena. “Inside Nextdoor’s ‘Karen Problem.’” The Verge, June 8, 2020. https://www.theverge.com/21283993/nextdoor-app-racism-community-moderation-guidance-protests."
"WEXMT92D","Leaving content moderation to volunteers is empowering racists","Newton, Casey;","2020-06-09T06:00:00-04:00","","Newton, “Leaving Content Moderation to Volunteers Is Empowering Racists.”","(Newton 2020)","Newton, Casey. “Leaving Content Moderation to Volunteers Is Empowering Racists.” The Verge, June 9, 2020. https://www.theverge.com/interface/2020/6/9/21283442/content-moderation-racism-facebook-reddit-nextdoor-karen."
"6XDQ6SFD","Getting to the Source of Infodemics: It’s the Business Model","Marechal, Nathalie;MacKinnon, Rebecca;Dheere, Jessica;","May 27, 2020","ban targeted ads,disinformation,policy,surveillance capitalism,targeted ads","Marechal, MacKinnon, and Dheere, “Getting to the Source of Infodemics.”","(Marechal, MacKinnon, and Dheere 2020)","Marechal, Nathalie, Rebecca MacKinnon, and Jessica Dheere. “Getting to the Source of Infodemics: It’s the Business Model.” Open Technology Institute, May 27, 2020. http://newamerica.org/oti/reports/getting-to-the-source-of-infodemics-its-the-business-model/."
"CLBBZ484","Facebook Enabled Advertisers to Reach ‘Jew Haters’","Angwin, Julia;Varner, Madeleine;Tobin, Ariana;","Sept. 14, 2017","Facebook,Hate groups,Hate speech,targeted ads","Angwin, Varner, and Tobin, “Facebook Enabled Advertisers to Reach ‘Jew Haters.’”","(Angwin, Varner, and Tobin 2017)","Angwin, Julia, Madeleine Varner, and Ariana Tobin. “Facebook Enabled Advertisers to Reach ‘Jew Haters.’” ProPublica, September 14, 2017. https://www.propublica.org/article/facebook-enabled-advertisers-to-reach-jew-haters."
"N7TICNFH","Investigation into data analytics for political purposes",,"November 6, 2018","","“Investigation into Data Analytics for Political Purposes.”","(“Investigation into Data Analytics for Political Purposes” 2018)","“Investigation into Data Analytics for Political Purposes.” Information Commissioner’s Office (UK), November 6, 2018. https://ico.org.uk/media/action-weve-taken/2260271/investigation-into-the-use-of-data-analytics-in-political-campaigns-final-20181105.pdf."
"2E48WE45","Rhet Ops",,"","","“Rhet Ops.”","(“Rhet Ops” n.d.)","University of Pittsburgh Press. “Rhet Ops.” Accessed May 28, 2020. https://upittpress.org/books/9780822945895/."
"S6HF4BRS","Artificial intelligence, tech corporate governance and the public interest regulatory response","Dignam, Alan;","2020/05/15","","Dignam, “Artificial Intelligence, Tech Corporate Governance and the Public Interest Regulatory Response.”","(Dignam 2020)","Dignam, Alan. “Artificial Intelligence, Tech Corporate Governance and the Public Interest Regulatory Response.” _Cambridge Journal of Regions, Economy and Society_ 13, no. 1 (May 15, 2020): 37–54. https://doi.org/10.1093/cjres/rsaa002."
"6N66BN2J","The Magical Theory of PoliticsMemes, Magic, and the Enchantment of Social Forces in the American Magic War","Asprem, Egil;","2020/04/15","","Asprem, “The Magical Theory of PoliticsMemes, Magic, and the Enchantment of Social Forces in the American Magic War.”","(Asprem 2020)","Asprem, Egil. “The Magical Theory of PoliticsMemes, Magic, and the Enchantment of Social Forces in the American Magic War.” _Nova Religio_ 23, no. 4 (April 15, 2020): 15–42. https://doi.org/10.1525/nr.2020.23.4.15."
"HA9EKH2B","The New Age of Hybridity and Clash of Norms: China, BRICS, and Challenges of Global Governance in a Postliberal International Order","Öniş, Ziya;Kutlay, Mustafa;","May 6, 2020","","Öniş and Kutlay, “The New Age of Hybridity and Clash of Norms.”","(Öniş and Kutlay 2020)","Öniş, Ziya, and Mustafa Kutlay. “The New Age of Hybridity and Clash of Norms: China, BRICS, and Challenges of Global Governance in a Postliberal International Order.” _Alternatives_, May 6, 2020, 0304375420921086. https://doi.org/10.1177/0304375420921086."
"WA4EGTN3","The Rise of Content Cartels","Douek, Evelyn;","2020/02/01","election interference,free speech,online governance,social media,tech platforms,terrorist content","Douek, “The Rise of Content Cartels.”","(Douek 2020)","Douek, Evelyn. “The Rise of Content Cartels.” SSRN Scholarly Paper. Rochester, NY: Social Science Research Network, February 1, 2020. https://papers.ssrn.com/abstract=3572309."
"WMDW4XDU","The Big Nine",,"2019-06-04T07:02:54+00:00","","_The Big Nine_.","(_The Big Nine_ 2019)","_The Big Nine_, 2019. https://www.publicaffairsbooks.com/titles/amy-webb/the-big-nine/9781541773738/."
"ZB87326M","The Platform Political Economy of FinTech: Reintermediation, Consolidation and Capitalisation","Langley, Paul;Leyshon, Andrew;","May 20, 2020","FinTech,capitalisation,consolidation,platform capitalism,reintermedation","Langley and Leyshon, “The Platform Political Economy of FinTech.”","(Langley and Leyshon 2020)","Langley, Paul, and Andrew Leyshon. “The Platform Political Economy of FinTech: Reintermediation, Consolidation and Capitalisation.” _New Political Economy_ 0, no. 0 (May 20, 2020): 1–13. https://doi.org/10.1080/13563467.2020.1766432."
"WWBHS5W8","Rhythmedia: A Study of Facebook Immune System","Carmi, Elinor;","May 16, 2020","","Carmi, “Rhythmedia.”","(Carmi 2020)","Carmi, Elinor. “Rhythmedia: A Study of Facebook Immune System.” _Theory, Culture & Society_, May 16, 2020, 0263276420917466. https://doi.org/10.1177/0263276420917466."
"MR5M2EP6","Consumption, Capital, and Class in Digital Space: The Political Economy of Pay-per-Click Business Models","Azhar, Shahram;","May 20, 2020","Audience Labor,Digital Capitalism,Immaterial Labor,Karl Marx,Value Theory","Azhar, “Consumption, Capital, and Class in Digital Space.”","(Azhar 2020)","Azhar, Shahram. “Consumption, Capital, and Class in Digital Space: The Political Economy of Pay-per-Click Business Models.” _Rethinking Marxism_ 0, no. 0 (May 20, 2020): 1–21. https://doi.org/10.1080/08935696.2020.1750196."
"VTTK3IKM","The smog of ignorance: Knowledge and wisdom in postnormal times","Sardar, Ziauddin;","June 1, 2020","AI,Big data,DIKW hierarchy,Ignorance,Information,Knowledge,Postnormal times,Unthought,Wisdom","Sardar, “The Smog of Ignorance.”","(Sardar 2020)","Sardar, Ziauddin. “The Smog of Ignorance: Knowledge and Wisdom in Postnormal Times.” _Futures_ 120 (June 1, 2020): 102554. https://doi.org/10.1016/j.futures.2020.102554."
"5427FKUS","Are machines stealing our jobs?","Gentili, Andrea;Compagnucci, Fabiano;Gallegati, Mauro;Valentini, Enzo;","2020/05/15","","Gentili et al., “Are Machines Stealing Our Jobs?”","(Gentili et al. 2020)","Gentili, Andrea, Fabiano Compagnucci, Mauro Gallegati, and Enzo Valentini. “Are Machines Stealing Our Jobs?” _Cambridge Journal of Regions, Economy and Society_ 13, no. 1 (May 15, 2020): 153–73. https://doi.org/10.1093/cjres/rsz025."
"IDTS346M","Network Theory| The Flip Side of Metcalfe’s Law: Multiple and Growing Costs of Network Exclusion","Tongia, Rahul;Wilson, Ernest J.;","2011","","Tongia and Wilson, “Network Theory| The Flip Side of Metcalfe’s Law.”","(Tongia and Wilson 2011)","Tongia, Rahul, and Ernest J. Wilson. “Network Theory| The Flip Side of Metcalfe’s Law: Multiple and Growing Costs of Network Exclusion,” 2011. https://www.semanticscholar.org/paper/Network-Theory%7C-The-Flip-Side-of-Metcalfe%E2%80%99s-Law%3A-of-Tongia-Wilson/7eb4eb2eafe9868636c9bd376804a462604e4a95."
"6WGUIRK9","Addressing Facebook and Google’s Harms Through a Regulated Competition Approach","Stoller, Matt;Miller, Sarah;Teachout, Zephyr;","April 10, 2020","Interoperability,abusive business practices,ad taxes,antitrust,ban targeted ads,competition regulations,digital privacy,disinformation,do not track,fake news,intermediary liability,misinformation,policy","Stoller, Miller, and Teachout, “Addressing Facebook and Google’s Harms Through a Regulated Competition Approach.”","(Stoller, Miller, and Teachout 2020)","Stoller, Matt, Sarah Miller, and Zephyr Teachout. “Addressing Facebook and Google’s Harms Through a Regulated Competition Approach.” American Economic Liberties Project, April 10, 2020. https://www.economicliberties.us/our-work/addressing-facebook-and-googles-harms-through-a-regulated-competition-approach/."
"FDQM6MEU","It’s Time to Tax Big Tech’s Data",,"","","“It’s Time to Tax Big Tech’s Data.”","(“It’s Time to Tax Big Tech’s Data” n.d.)","“It’s Time to Tax Big Tech’s Data.” Accessed May 16, 2020. https://tribunemag.co.uk/2020/05/its-time-to-tax-big-techs-data."
"I5KWA5SV","The Republic of Facebook",,"2020-05-06T17:05:12+00:00","","“The Republic of Facebook.”","(“The Republic of Facebook” 2020)","Just Security. “The Republic of Facebook,” May 6, 2020. https://www.justsecurity.org/70035/the-republic-of-facebook/."
"C9RDCVBG","Why We Need Cooperatives for the Digital Economy",,"","","“Why We Need Cooperatives for the Digital Economy.”","(“Why We Need Cooperatives for the Digital Economy” n.d.)","“Why We Need Cooperatives for the Digital Economy.” Accessed May 16, 2020. https://jacobinmag.com/2020/05/cooperatives-digital-economy-airbnb-cities."
"DA9J6X2E","Lie machines: how to save democracy from troll armies, deceitful robots, junk news operations, and political operatives","Howard, Philip N.;","2020","","Howard, _Lie Machines_.","(Howard 2020)","Howard, Philip N. _Lie Machines: How to Save Democracy from Troll Armies, Deceitful Robots, Junk News Operations, and Political Operatives_. New Haven: Yale University Press, 2020."
"EWXK5M8W","How our misunderstanding of the digital and computing revolutions puts democracy at risk (and what to do about it)","Colaresi, Michael;","2020","","Colaresi, “How Our Misunderstanding of the Digital and Computing Revolutions Puts Democracy at Risk (and What to Do about It).”","(Colaresi 2020)","Colaresi, Michael. “How Our Misunderstanding of the Digital and Computing Revolutions Puts Democracy at Risk (and What to Do about It).” _Critical Quarterly_ 62, no. 1 (2020): 70–80. https://doi.org/10.1111/criq.12522."
"Z5QRVZVQ","Facebook Groups and YouTube enabled viral spread of Plandemic disinformation","Gallagher, Erin;","2020-05-10T00:11:20.026Z","COVID-19,Facebook,disinformation,evidence","Gallagher, “Facebook Groups and YouTube Enabled Viral Spread of Plandemic Disinformation.”","(Gallagher 2020)","Gallagher, Erin. “Facebook Groups and YouTube Enabled Viral Spread of Plandemic Disinformation.” Medium, May 10, 2020. https://medium.com/@erin\_gallagher/facebook-groups-and-youtube-enabled-viral-spread-of-plandemic-disinformation-f1a279335e8c."
"ECN2B8X9","Code Is Law","Lessig, Lawrence;","2000-01-01T07:00:00-05:00","Self-rule fallacy","Lessig, “Code Is Law.”","(Lessig 2000)","Lessig, Lawrence. “Code Is Law.” Harvard Magazine, January 1, 2000. https://harvardmagazine.com/2000/01/code-is-law-html."
"92KR93JS","The Right to Privacy","Warren, Samuel D.;Brandeis, Louis D.;","December 1890","digital privacy,policy","Warren and Brandeis, “The Right to Privacy.”","(Warren and Brandeis 1890)","Warren, Samuel D., and Louis D. Brandeis. “The Right to Privacy.” Louis D. Brandeis School of Law Library, December 1890. https://louisville.edu/law/library/special-collections/the-louis-d.-brandeis-collection/the-right-to-privacy."
"NJQE2BEQ","A Declaration of the Independence of Cyberspace","Barlow, John Perry;","February 8, 1996","Self-rule fallacy","Barlow, “A Declaration of the Independence of Cyberspace.”","(Barlow 1996)","Barlow, John Perry. “A Declaration of the Independence of Cyberspace.” Electronic Frontier Foundation, February 8, 1996. https://www.eff.org/cyberspace-independence."
"FI4VW6JS","A Nobel-winning economist’s guide to taming tech monopolies","Schrager, Allison;","June 27, 2018","platform monopolies","Schrager, “A Nobel-Winning Economist’s Guide to Taming Tech Monopolies.”","(Schrager 2018)","Schrager, Allison. “A Nobel-Winning Economist’s Guide to Taming Tech Monopolies.” Quartz, June 27, 2018. https://qz.com/1310266/nobel-winning-economist-jean-tirole-on-how-to-regulate-tech-monopolies/."
"V9WCFW9K","The costs of connection: how data is colonizing human life and appropriating it for capitalism","Couldry, Nick;Mejias, Ulises Ali;","2019","Capitalism,Electronic data processing,Information technology,Internet,Social aspects","Couldry and Mejias, _The Costs of Connection_.","(Couldry and Mejias 2019)","Couldry, Nick, and Ulises Ali Mejias. _The Costs of Connection: How Data Is Colonizing Human Life and Appropriating It for Capitalism_. Culture and Economic Life. Stanford, California: Stanford University Press, 2019."
"F2PFPHQE","Beyond surveillance capitalism: Privacy, regulation and big data in Europe and China","Aho, Brett;Duffield, Roberta;","May 4, 2020","GDPR,big data,data privacy,data regulation,social credit system,surveillance capitalism","Aho and Duffield, “Beyond Surveillance Capitalism.”","(Aho and Duffield 2020)","Aho, Brett, and Roberta Duffield. “Beyond Surveillance Capitalism: Privacy, Regulation and Big Data in Europe and China.” _Economy and Society_ 0, no. 0 (May 4, 2020): 1–26. https://doi.org/10.1080/03085147.2019.1690275."
"CKHJ239J","The datafication of teaching in Higher Education: critical issues and perspectives","Williamson, Ben;Bayne, Sian;Shay, Suellen;","May 18, 2020","","Williamson, Bayne, and Shay, “The Datafication of Teaching in Higher Education.”","(Williamson, Bayne, and Shay 2020)","Williamson, Ben, Sian Bayne, and Suellen Shay. “The Datafication of Teaching in Higher Education: Critical Issues and Perspectives.” _Teaching in Higher Education_ 25, no. 4 (May 18, 2020): 351–65. https://doi.org/10.1080/13562517.2020.1748811."
"WFN34D9V","Digital Dead Body Management (DDBM): Time to Think it Through","Sandvik, Kristin Bergtora;","","","Sandvik, “Digital Dead Body Management (DDBM).”","(Sandvik n.d.)","Sandvik, Kristin Bergtora. “Digital Dead Body Management (DDBM): Time to Think It Through.” _Journal of Human Rights Practice_. Accessed May 11, 2020. https://doi.org/10.1093/jhuman/huaa002."
"H2MA759Z","Investigating Ad Transparency Mechanisms in Social
Media: A Case Study of Facebook’s Explanations",,"2018","","“Investigating Ad Transparency Mechanisms in Social: A Case Study of Facebook’s Explanations.”","(“Investigating Ad Transparency Mechanisms in Social: A Case Study of Facebook’s Explanations” 2018)","“Investigating Ad Transparency Mechanisms in Social: A Case Study of Facebook’s Explanations,” 2018. https://people.mpi-s."
"TM4JHSA2","Time for change and transparency in programmatic advertising","Ltd, Dock9;","","","Ltd, “Time for Change and Transparency in Programmatic Advertising.”","(Ltd n.d.)","Ltd, Dock9. “Time for Change and Transparency in Programmatic Advertising.” ISBA. Accessed May 6, 2020. https://www.isba.org.uk/news/time-for-change-and-transparency-in-programmatic-advertising/."
"ZH4NHQQD","Regulating Transparency? Facebook, Twitter and the German
Network Enforcement Act",,"2020","","“Regulating Transparency? Facebook, Twitter and the German Enforcement Act.”","(“Regulating Transparency? Facebook, Twitter and the German Enforcement Act” 2020)","“Regulating Transparency? Facebook, Twitter and the German Enforcement Act,” 2020. https://dl.acm.org/doi/pdf/10.1145/3351095.3372856."
"4PCVRSEH","No more negotiating: new rules could finally force Google and Facebook to pay for news","Kemp, Katharine;Nicholls, Rob;","","","Kemp and Nicholls, “No More Negotiating.”","(Kemp and Nicholls n.d.)","Kemp, Katharine, and Rob Nicholls. “No More Negotiating: New Rules Could Finally Force Google and Facebook to Pay for News.” The Conversation. Accessed May 3, 2020. http://theconversation.com/no-more-negotiating-new-rules-could-finally-force-google-and-facebook-to-pay-for-news-136718."
"G23DMDFH","Tactical agency? Young people’s (dis)engagement with WhatsApp and Facebook Messenger:","Gangneux, Justine;","April 22, 2020","","Gangneux, “Tactical Agency?”","(Gangneux 2020)","Gangneux, Justine. “Tactical Agency? Young People’s (Dis)Engagement with WhatsApp and Facebook Messenger:” _Convergence_, April 22, 2020. https://doi.org/10.1177/1354856520918987."
"BPCTF4S9","The Black Box and Japanese Discourses of the Digital","Humphrey, David;","2020/04/13","B-CAS,DRM,Japan,black box,control,digital,digital broadcast,intellectual property,opacity,television","Humphrey, “The Black Box and Japanese Discourses of the Digital.”","(Humphrey 2020)","Humphrey, David. “The Black Box and Japanese Discourses of the Digital.” _International Journal of Communication_ 14, no. 0 (April 13, 2020): 17. https://ijoc.org/index.php/ijoc/article/view/13621."
"Q9BER3WX","Political participation in the digital age: an ethnographic comparison between Iceland and Germany","Tiemann-Kollipost, Julia;","2020","","Tiemann-Kollipost, _Political Participation in the Digital Age_.","(Tiemann-Kollipost 2020)","Tiemann-Kollipost, Julia. _Political Participation in the Digital Age: An Ethnographic Comparison between Iceland and Germany_. Digitale Gesellschaft, volume 25. Bielefeld: Transcript, 2020."
"F4MCFJBT","Digital Disinformation and the Imaginative Dimension of Communication","Cabañes, Jason Vincent A.;","2020-04-17","","Cabañes, “Digital Disinformation and the Imaginative Dimension of Communication.”","(Cabañes 2020)","Cabañes, Jason Vincent A. “Digital Disinformation and the Imaginative Dimension of Communication.” _Journalism & Mass Communication Quarterly_, April 17, 2020, 107769902091379. https://doi.org/10.1177/1077699020913799."
"JH4PG7IT","Technocracy Meets Populism: The Dominant Technological Imaginary of Silicon Valley","Ferrari, Elisabetta;","2020/04/29","","Ferrari, “Technocracy Meets Populism.”","(Ferrari 2020)","Ferrari, Elisabetta. “Technocracy Meets Populism: The Dominant Technological Imaginary of Silicon Valley.” _Communication, Culture and Critique_ 13, no. 1 (April 29, 2020): 121–24. https://doi.org/10.1093/ccc/tcz051."
"RF72CBIH","The Impacts of AdTech on Privacy Rights and the Rule of Law","Costello, Róisín Áine;","2020/04/14","Adtech data brokers autonomy privacy","Costello, “The Impacts of AdTech on Privacy Rights and the Rule of Law.”","(Costello 2020)","Costello, Róisín Áine. “The Impacts of AdTech on Privacy Rights and the Rule of Law.” _Technology and Regulation_, April 14, 2020, 11–23. https://techreg.org/index.php/techreg/article/view/37."
"VDFQZVGK","‘For good measure’: data gaps in a big data world","Giest, Sarah;Samuels, Annemarie;","2020-04-22","","Giest and Samuels, “‘For Good Measure.’”","(Giest and Samuels 2020)","Giest, Sarah, and Annemarie Samuels. “‘For Good Measure’: Data Gaps in a Big Data World.” _Policy Sciences_, April 22, 2020. https://doi.org/10.1007/s11077-020-09384-1."
"4T358S2T","The Soap Box as a Black Box: Regulating transparency in social media recommender systems","Leerssen, Paddy;","2020-03-19","","Leerssen, “The Soap Box as a Black Box.”","(Leerssen 2020)","Leerssen, Paddy. “The Soap Box as a Black Box: Regulating Transparency in Social Media Recommender Systems.” Preprint. LawArXiv, March 19, 2020. https://doi.org/10.31228/osf.io/uhxcv."
"2UA23ZDT","Platform ad archives: promises and pitfalls","Leerssen, Paddy;Ausloos, Jef;Zarouali, Brahim;Helberger, Natali;Vreese, Claes H. de;","2019/10/9","","Leerssen et al., “Platform Ad Archives.”","(Leerssen et al. 2019)","Leerssen, Paddy, Jef Ausloos, Brahim Zarouali, Natali Helberger, and Claes H. de Vreese. “Platform Ad Archives: Promises and Pitfalls.” _Internet Policy Review_ 8, no. 4 (October 9, 2019). https://policyreview.info/articles/analysis/platform-ad-archives-promises-and-pitfalls."
"4FCTCDQ8","Ad Delivery Algorithms: The Hidden Arbiters of Political Messaging","Ali, Muhammad;Sapiezynski, Piotr;Korolova, Aleksandra;Mislove, Alan;Rieke, Aaron;","2019-12-17","Computer Science - Computers and Society","Ali et al., “Ad Delivery Algorithms.”","(Ali et al. 2019)","Ali, Muhammad, Piotr Sapiezynski, Aleksandra Korolova, Alan Mislove, and Aaron Rieke. “Ad Delivery Algorithms: The Hidden Arbiters of Political Messaging.” _ArXiv:1912.04255 \[Cs\]_, December 17, 2019. http://arxiv.org/abs/1912.04255."
"HK6C5GRP","Discrimination through optimization: How Facebook's ad delivery can lead to skewed outcomes","Ali, Muhammad;Sapiezynski, Piotr;Bogen, Miranda;Korolova, Aleksandra;Mislove, Alan;Rieke, Aaron;","2019-11-07","Computer Science - Computers and Society","Ali et al., “Discrimination through Optimization.”","(Ali et al. 2019)","Ali, Muhammad, Piotr Sapiezynski, Miranda Bogen, Aleksandra Korolova, Alan Mislove, and Aaron Rieke. “Discrimination through Optimization: How Facebook’s Ad Delivery Can Lead to Skewed Outcomes.” _Proceedings of the ACM on Human-Computer Interaction_ 3, no. CSCW (November 7, 2019): 1–30. https://doi.org/10.1145/3359301."
"XETIFBDJ","Toward Trustworthy AI Development: Mechanisms for Supporting Verifiable Claims","Brundage, Miles;Avin, Shahar;Wang, Jasmine;Belfield, Haydn;Krueger, Gretchen;Hadfield, Gillian;Khlaaf, Heidy;Yang, Jingying;Toner, Helen;Fong, Ruth;Maharaj, Tegan;Koh, Pang Wei;Hooker, Sara;Leung, Jade;Trask, Andrew;Bluemke, Emma;Lebensold, Jonathan;O'Keefe, Cullen;Koren, Mark;Ryffel, Théo;Rubinovitz, J. B.;Besiroglu, Tamay;Carugati, Federica;Clark, Jack;Eckersley, Peter;de Haas, Sarah;Johnson, Maritza;Laurie, Ben;Ingerman, Alex;Krawczuk, Igor;Askell, Amanda;Cammarota, Rosario;Lohn, Andrew;Krueger, David;Stix, Charlotte;Henderson, Peter;Graham, Logan;Prunkl, Carina;Martin, Bianca;Seger, Elizabeth;Zilberman, Noa;hÉigeartaigh, Seán Ó;Kroeger, Frens;Sastry, Girish;Kagan, Rebecca;Weller, Adrian;Tse, Brian;Barnes, Elizabeth;Dafoe, Allan;Scharre, Paul;Herbert-Voss, Ariel;Rasser, Martijn;Sodhani, Shagun;Flynn, Carrick;Gilbert, Thomas Krendl;Dyer, Lisa;Khan, Saif;Bengio, Yoshua;Anderljung, Markus;","2020-04-20","Computer Science - Computers and Society","Brundage et al., “Toward Trustworthy AI Development.”","(Brundage et al. 2020)","Brundage, Miles, Shahar Avin, Jasmine Wang, Haydn Belfield, Gretchen Krueger, Gillian Hadfield, Heidy Khlaaf, et al. “Toward Trustworthy AI Development: Mechanisms for Supporting Verifiable Claims.” _ArXiv:2004.07213 \[Cs\]_, April 20, 2020. http://arxiv.org/abs/2004.07213."
"GEK68DB6","Do deepfakes pose a golden opportunity? Considering whether English law should adopt California's publicity right in the age of the deepfake","Farish, Kelsey;","2020/01/01","","Farish, “Do Deepfakes Pose a Golden Opportunity?”","(Farish 2020)","Farish, Kelsey. “Do Deepfakes Pose a Golden Opportunity? Considering Whether English Law Should Adopt California’s Publicity Right in the Age of the Deepfake.” _Journal of Intellectual Property Law & Practice_ 15, no. 1 (January 1, 2020): 40–48. https://doi.org/10.1093/jiplp/jpz139."
"2C8ZGU2U","Data Cooperatives: Towards a Foundation for Decentralized Personal Data Management","Hardjono, Thomas;Pentland, Alex;","2019-05-21","Computer Science - Computers and Society,Computer Science - Social and Information Networks","Hardjono and Pentland, “Data Cooperatives.”","(Hardjono and Pentland 2019)","Hardjono, Thomas, and Alex Pentland. “Data Cooperatives: Towards a Foundation for Decentralized Personal Data Management.” _ArXiv:1905.08819 \[Cs\]_, May 21, 2019. http://arxiv.org/abs/1905.08819."
"2WGJGM53","Digital colonialism: US empire and the new imperialism in the Global South","Kwet, Michael;","April 1, 2019","","Kwet, “Digital Colonialism.”","(Kwet 2019)","Kwet, Michael. “Digital Colonialism: US Empire and the New Imperialism in the Global South.” _Race & Class_ 60, no. 4 (April 1, 2019): 3–26. https://doi.org/10.1177/0306396818823172."
"T4V5C298","Tribal Data Governance and Informational Privacy: Constructing 'Indigenous Data Sovereignty'","Tsosie, Rebecca A.;","2019/09/16","environmental data,health data,indigenous data sovereignty,informational privacy,law enforcement data,nation-building,tribal governments","Tsosie, “Tribal Data Governance and Informational Privacy.”","(Tsosie 2019)","Tsosie, Rebecca A. “Tribal Data Governance and Informational Privacy: Constructing ‘Indigenous Data Sovereignty.’” SSRN Scholarly Paper. Rochester, NY: Social Science Research Network, September 16, 2019. https://papers.ssrn.com/abstract=3454632."
"P9FDRGZT","Oil is the New Data",,"","","“Oil Is the New Data.”","(“Oil Is the New Data” n.d.)","Logic Magazine. “Oil Is the New Data.” Accessed April 28, 2020. https://logicmag.io/nature/oil-is-the-new-data/."
"3DG5KXUB","All data are local: thinking critically in a data-driven society","Loukissas, Yanni A.;","2019","Electronic information resource literacy,Media literacy","Loukissas, _All Data Are Local_.","(Loukissas 2019)","Loukissas, Yanni A. _All Data Are Local: Thinking Critically in a Data-Driven Society_. Cambridge, Massachusetts: The MIT Press, 2019."
"9I35N839","Infrastructural surveillance:","Gekker, Alex;Hind, Sam;","October 10, 2019","","Gekker and Hind, “Infrastructural Surveillance.”","(Gekker and Hind 2019)","Gekker, Alex, and Sam Hind. “Infrastructural Surveillance:” _New Media & Society_, October 10, 2019. https://doi.org/10.1177/1461444819879426."
"XJAFFTHN","The Outrage of Networks: Social Media and Contemporary Authoritarian Populism | Democratic Communiqué",,"","","“The Outrage of Networks.”","(“The Outrage of Networks: Social Media and Contemporary Authoritarian Populism | Democratic Communiqué” n.d.)","“The Outrage of Networks: Social Media and Contemporary Authoritarian Populism | Democratic Communiqué.” Accessed April 28, 2020. https://journals.flvc.org/demcom/article/view/108905."
"ZU5GEE9N","Filtering: A Theory and History of a Style","Dango, Michael;","2020-04-10","","Dango, “Filtering.”","(Dango 2020)","Dango, Michael. “Filtering: A Theory and History of a Style.” _New Literary History_ 51, no. 1 (April 10, 2020): 177–207. https://doi.org/10.1353/nlh.2020.0007."
"PV9GZDIC","Nothing to disconnect from? Being singular plural in an age of machine learning","Bucher, Taina;","April 8, 2020","","Bucher, “Nothing to Disconnect From?”","(Bucher 2020)","Bucher, Taina. “Nothing to Disconnect from? Being Singular Plural in an Age of Machine Learning.” _Media, Culture & Society_, April 8, 2020, 0163443720914028. https://doi.org/10.1177/0163443720914028."
"RF9MWNV8","The new information feudalism: Africa’s relationship with the global information society","Ayodele, Odilile;","April 20, 2020","Africa,Information society,feudalism,intellectual property,property rights,telecommunications","Ayodele, “The New Information Feudalism.”","(Ayodele 2020)","Ayodele, Odilile. “The New Information Feudalism: Africa’s Relationship with the Global Information Society.” _South African Journal of International Affairs_ 0, no. 0 (April 20, 2020): 1–21. https://doi.org/10.1080/10220461.2020.1750470."
"Z4DTGG6A","Automation and Workers: Re-Imagining the Income Tax for the Digital Age","Li, Jinyan;Choi, Arjin;Smith, Cameron;","2020","Automation,capital,democracy,gig workers,labour,tax equity","Li, Choi, and Smith, “Automation and Workers.”","(Li, Choi, and Smith 2020)","Li, Jinyan, Arjin Choi, and Cameron Smith. “Automation and Workers: Re-Imagining the Income Tax for the Digital Age.” _Canadian Tax Journal_ 68, no. 1 (2020): 99–124. https://ideas.repec.org/a/ctf/journl/v68y2020i1p99-124.html."
"ANK67I5C","Labour law and the gig economy: challenges posed by the digitalisation of labour processes","Mella Méndez, Lourdes;Carby-Hall, Jo;","2020","Effect of technological innovations on,Independent contractors,Labor laws and legislation,Labor supply,Legal status, laws, etc,Self-employed,Temporary employees","Mella Méndez and Carby-Hall, _Labour Law and the Gig Economy_.","(Mella Méndez and Carby-Hall 2020)","Mella Méndez, Lourdes, and Jo Carby-Hall, eds. _Labour Law and the Gig Economy: Challenges Posed by the Digitalisation of Labour Processes_. Abingdon, Oxon ; New York, NY: Routledge, 2020."
"TAD73AB8","Harnessing Platform Envelopment in the Digital World","Condorelli, Daniele;Padilla, Jorge;","","","Condorelli and Padilla, “Harnessing Platform Envelopment in the Digital World.”","(Condorelli and Padilla n.d.)","Condorelli, Daniele, and Jorge Padilla. “Harnessing Platform Envelopment in the Digital World.” _Journal of Competition Law & Economics_. Accessed April 27, 2020. https://doi.org/10.1093/joclec/nhaa006."
"QVZQ8K2C","Double harm to voters: data-driven micro-targeting and democratic public discourse","Bayer, Judit;","2020/3/31","","Bayer, “Double Harm to Voters.”","(Bayer 2020)","Bayer, Judit. “Double Harm to Voters: Data-Driven Micro-Targeting and Democratic Public Discourse.” _Internet Policy Review_ 9, no. 1 (March 31, 2020). https://policyreview.info/articles/analysis/double-harm-voters-data-driven-micro-targeting-and-democratic-public-discourse."
"7MANH6NN","Big other: Surveillance Capitalism and the Prospects of an Information Civilization:","Zuboff, Shoshana;","March 1, 2015","","Zuboff, “Big Other.”","(Zuboff 2015)","Zuboff, Shoshana. “Big Other: Surveillance Capitalism and the Prospects of an Information Civilization:” _Journal of Information Technology_, March 1, 2015. https://doi.org/10.1057/jit.2015.5."
"I9ARVCJD","Blocking information on COVID-19 can fuel the spread of misinformation","Larson, Heidi J.;","2020-03-30","","Larson, “Blocking Information on COVID-19 Can Fuel the Spread of Misinformation.”","(Larson 2020)","Larson, Heidi J. “Blocking Information on COVID-19 Can Fuel the Spread of Misinformation.” _Nature_ 580, no. 7803 (March 30, 2020): 306–306. https://doi.org/10.1038/d41586-020-00920-w."
"F6XBK5AS","Social-media companies must flatten the curve of misinformation","Donovan, Joan;","2020-04-14","","Donovan, “Social-Media Companies Must Flatten the Curve of Misinformation.”","(Donovan 2020)","Donovan, Joan. “Social-Media Companies Must Flatten the Curve of Misinformation.” _Nature_, April 14, 2020. https://doi.org/10.1038/d41586-020-01107-z."
"PZAAAUH6","Trollthrottle -- Raising the Cost of Astroturfing","Esiyok, Ilkan;Hanzlik, Lucjan;Kuennemann, Robert;Budde, Lena Marie;Backes, Michael;","2020-04-19","Computer Science - Cryptography and Security","Esiyok et al., “Trollthrottle -- Raising the Cost of Astroturfing.”","(Esiyok et al. 2020)","Esiyok, Ilkan, Lucjan Hanzlik, Robert Kuennemann, Lena Marie Budde, and Michael Backes. “Trollthrottle -- Raising the Cost of Astroturfing.” _ArXiv:2004.08836 \[Cs\]_, April 19, 2020. http://arxiv.org/abs/2004.08836."
"AA5IVVAG","Want to Find a Misinformed Public? Facebook’s Already Done It – The Markup","Sankin, Aaron;","April 23, 2020","ads,disinformation","Sankin, “Want to Find a Misinformed Public?”","(Sankin 2020)","Sankin, Aaron. “Want to Find a Misinformed Public? Facebook’s Already Done It – The Markup.” The Markup, April 23, 2020. https://themarkup.org/coronavirus/2020/04/23/want-to-find-a-misinformed-public-facebooks-already-done-it."
"PG4N7QNU","Economic Resources, Mortality and Inequality","Attanasio, Orazio;Nielsen, Torben Heien;","2020/03/03","Economic Resources and Inequality,Mortality,Permanent Income","Attanasio and Nielsen, “Economic Resources, Mortality and Inequality.”","(Attanasio and Nielsen 2020)","Attanasio, Orazio, and Torben Heien Nielsen. “Economic Resources, Mortality and Inequality.” SSRN Scholarly Paper. Rochester, NY: Social Science Research Network, March 3, 2020. https://papers.ssrn.com/abstract=3553731."